acm_article	article
acs_article	article
aea_article	article
agu_article	article
amq_article	article
ams_article	article
asa_article	article
biometrics_article	article
copernicus_article	copernicus_article
copernicus_journal_abbreviations	copernicus_article
ctex	article
elsevier_article	article
frontiers_article	article
ieee_article	ieee_article
joss_article	joss_article
jss_article	jss_article
mdpi_article	article
mnras_article	article
oup_article	article
peerj_article	article
plos_article	article
pnas_article	article
rjournal_article	rjournal_article
rsos_article	rsos_article
rss_article	rss_article
sage_article	article
sim_article	article
springer_article	article
tf_article	article
